{"piezas": [
    {
        "tiempoConsignacion": 345,
        "tipo": "escultura",
        "lugarCreacion": "bogota",
        "titulo": "La pola",
        "autores": ["ArteUrbano"],
        "valoresEspeciales": {
            "peso": 234,
            "ancho": 2,
            "profundidad": 1,
            "electricidad": true,
            "alto": 10
        },
        "bodega": true,
        "historialPropietarios": [{
            "valorCompra": 230000,
            "loginPropietario": "briceno_propietario",
            "fechaVenta": "23/11/2024"
        }],
        "loginPropietarioActual": "briceno_propietario",
        "anioCreacion": 1415,
        "subasta": true,
        "valores": [
            2345,
            3549,
            23456
        ],
        "disponible": true
    },
    {
        "tiempoConsignacion": -1,
        "tipo": "pintura",
        "lugarCreacion": "Espana",
        "titulo": "Las meninas",
        "autores": ["Diego Velasquez"],
        "valoresEspeciales": {
            "peso": 4,
            "ancho": 279,
            "tecnica": "oleo",
            "alto": 320
        },
        "bodega": true,
        "historialPropietarios": [{
            "valorCompra": 30000,
            "loginPropietario": "alejandra_propietario",
            "fechaVenta": "14/02/2010"
        }],
        "loginPropietarioActual": "alejandra_propietario",
        "anioCreacion": 1956,
        "subasta": true,
        "valores": [
            3000000,
            4000000,
            509999
        ],
        "disponible": true
    },
    {
        "tiempoConsignacion": -1,
        "tipo": "pintura",
        "lugarCreacion": "Medellín",
        "titulo": "Caminos Entrelazados",
        "autores": [
            "AnaGomez",
            "CarlosVargas",
            "JuanPerez"
        ],
        "valoresEspeciales": {
            "peso": 4,
            "ancho": 259,
            "tecnica": "oleo",
            "alto": 323
        },
        "bodega": true,
        "historialPropietarios": [{
            "valorCompra": 30000,
            "loginPropietario": "alejandra_propietario",
            "fechaVenta": "14/02/2010"
        }],
        "loginPropietarioActual": "alejandra_propietario",
        "anioCreacion": 1956,
        "subasta": true,
        "valores": [
            3000000,
            4000000,
            509999
        ],
        "disponible": true
    },
    {
        "tiempoConsignacion": -1,
        "tipo": "pintura",
        "lugarCreacion": "Italia",
        "titulo": "La monalisa",
        "autores": ["Davinci"],
        "valoresEspeciales": {
            "peso": 4,
            "ancho": 60,
            "tecnica": "oleo",
            "alto": 30
        },
        "bodega": true,
        "historialPropietarios": [{
            "valorCompra": 2000000,
            "loginPropietario": "alejandra_propietario",
            "fechaVenta": "20/06/2016"
        }],
        "loginPropietarioActual": "alejandra_propietario",
        "anioCreacion": 1956,
        "subasta": true,
        "valores": [
            3000000,
            4000000,
            509999
        ],
        "disponible": false
    },
    {
        "tiempoConsignacion": 600,
        "tipo": "escultura",
        "lugarCreacion": "a los pits",
        "titulo": "El rayo mquen",
        "autores": ["pixar"],
        "valoresEspeciales": {
            "peso": 456,
            "ancho": 2,
            "profundidad": 2,
            "electricidad": true,
            "alto": 3
        },
        "bodega": false,
        "historialPropietarios": [
            {
                "valorCompra": 0,
                "loginPropietario": "bri_propietario",
                "fechaVenta": "90/80/20"
            },
            {
                "valorCompra": 0,
                "loginPropietario": "briceno_propietario",
                "fechaVenta": "14/08/2024"
            }
        ],
        "loginPropietarioActual": "bri_propietario",
        "anioCreacion": 2005,
        "subasta": false,
        "valores": [0],
        "disponible": false
    },
    {
        "tiempoConsignacion": 34,
        "tipo": "escultura",
        "lugarCreacion": "Italia",
        "titulo": "El David",
        "autores": [
            "Miguel Angel",
            "Pana Random"
        ],
        "valoresEspeciales": {
            "peso": 5572,
            "ancho": 2,
            "profundidad": 1,
            "electricidad": false,
            "alto": 6
        },
        "bodega": true,
        "historialPropietarios": [{
            "valorCompra": 30000,
            "loginPropietario": "alejandra_propietario",
            "fechaVenta": "23/06/2005"
        }],
        "loginPropietarioActual": "alejandra_propietario",
        "anioCreacion": 1501,
        "subasta": false,
        "valores": [20000],
        "disponible": true
    },
    {
        "tiempoConsignacion": 34,
        "tipo": "pintura",
        "lugarCreacion": "Alemania",
        "titulo": "El grito",
        "autores": [
            "Edvard Munch",
            "Pana Random"
        ],
        "valoresEspeciales": {
            "peso": 2,
            "ancho": 2,
            "tecnica": "Expresionismo",
            "alto": 2
        },
        "bodega": true,
        "historialPropietarios": [{
            "valorCompra": 4000,
            "loginPropietario": "alejandra_propietario",
            "fechaVenta": "23/09/2007"
        }],
        "loginPropietarioActual": "alejandra_propietario",
        "anioCreacion": 1893,
        "subasta": false,
        "valores": [7000],
        "disponible": true
    }
]}