{"subastas": [
    {
        "idListaPiezasSubasta": [
            "Las meninas",
            "La monalisa"
        ],
        "id": "subasta prueba",
        "listaOfertas": [{
            "valorOfertado": 300000000,
            "metodoPago": "efectivo",
            "fecha": "12/03/2024",
            "nombrepiezaSubastada": "La monalisa",
            "compradorLogin": "Daniel_comprador"
        }]
    },
    {
        "idListaPiezasSubasta": [
            "El rayo mquen",
            "Las meninas",
            "La monalisa"
        ],
        "id": "Piezas_Facheras",
        "listaOfertas": [
            {
                "valorOfertado": 5890494,
                "metodoPago": "Efectivo",
                "fecha": "23/05/2024",
                "nombrepiezaSubastada": "El rayo mquen",
                "compradorLogin": "briceno_comprador"
            }
        ]
    },
    {
        "idListaPiezasSubasta": [
            "Las meninas",
            "La monalisa"
        ],
        "id": "subasta prueba",
        "listaOfertas": [{
            "valorOfertado": 300000000,
            "metodoPago": "efectivo",
            "fecha": "12/03/2024",
            "nombrepiezaSubastada": "La monalisa",
            "compradorLogin": "Daniel_comprador"
        }]
    },
    {
        "idListaPiezasSubasta": ["Order 66"],
        "id": "PacoList",
        "listaOfertas": [{
            "valorOfertado": 23432,
            "metodoPago": "Efectivo",
            "fecha": "23/07/3090",
            "nombrepiezaSubastada": "Order 66",
            "compradorLogin": "briceno_comprador"
        }]
    }
]}