{"piezas": [
    {
        "tiempoConsignacion": 345,
        "tipo": "escultura",
        "lugarCreacion": "bogota",
        "titulo": "La pola",
        "autores": ["ArteUrbano"],
        "valoresEspeciales": {
            "peso": 234,
            "ancho": 2,
            "profundidad": 1,
            "electricidad": true,
            "alto": 10
        },
        "bodega": true,
        "historialPropietarios": [{
            "valorCompra": 230000,
            "loginPropietario": "briceno_propietario",
            "fechaVenta": "23/11/2024"
        }],
        "loginPropietarioActual": "briceno_propietario",
        "anioCreacion": 1415,
        "subasta": true,
        "valores": [
            2345,
            3549,
            234560000000000000000000000000000
        ],
        "disponible": true
    },
    {
        "tiempoConsignacion": -1,
        "tipo": "pintura",
        "lugarCreacion": "Medellín",
        "titulo": "Caminos Entrelazados",
        "autores": [
            "AnaGomez",
            "CarlosVargas",
            "JuanPerez"
        ],
        "valoresEspeciales": {
            "peso": 4,
            "ancho": 259,
            "tecnica": "oleo",
            "alto": 323
        },
        "bodega": true,
        "historialPropietarios": [{
            "valorCompra": 30000,
            "loginPropietario": "alejandra_propietario",
            "fechaVenta": "14/02/2010"
        }],
        "loginPropietarioActual": "alejandra_propietario",
        "anioCreacion": 1956,
        "subasta": true,
        "valores": [
            3000000,
            4000000,
            509999
        ],
        "disponible": true
    },
    {
        "tiempoConsignacion": 34,
        "tipo": "pintura",
        "lugarCreacion": "Alemania",
        "titulo": "El grito",
        "autores": [
            "Edvard Munch",
            "Pana Random"
        ],
        "valoresEspeciales": {
            "peso": 2,
            "ancho": 2,
            "tecnica": "Expresionismo",
            "alto": 2
        },
        "bodega": true,
        "historialPropietarios": [{
            "valorCompra": 4000,
            "loginPropietario": "alejandra_propietario",
            "fechaVenta": "23/09/2007"
        }],
        "loginPropietarioActual": "alejandra_propietario",
        "anioCreacion": 1893,
        "subasta": false,
        "valores": [7000],
        "disponible": true
    },
    {
        "tiempoConsignacion": 20,
        "tipo": "video",
        "lugarCreacion": "In a galaxy far, far away",
        "titulo": "Order 66",
        "autores": [],
        "valoresEspeciales": {
            "resolucion": "720",
            "duracion": 20,
            "tamanioGiga": 1
        },
        "bodega": false,
        "historialPropietarios": [],
        "loginPropietarioActual": "Canc1ll3r_Palpatine",
        "anioCreacion": 2020,
        "subasta": true,
        "valores": [],
        "disponible": false
    },
    {
        "tiempoConsignacion": 20,
        "tipo": "video",
        "lugarCreacion": "In a galaxy far, far away",
        "titulo": "Order 66",
        "autores": [],
        "valoresEspeciales": {
            "resolucion": "720",
            "duracion": 20,
            "tamanioGiga": 1
        },
        "bodega": false,
        "historialPropietarios": [],
        "loginPropietarioActual": "Canc1ll3r_Palpatine",
        "anioCreacion": 2020,
        "subasta": true,
        "valores": [],
        "disponible": false
    },
    {
        "tiempoConsignacion": 20,
        "tipo": "video",
        "lugarCreacion": "In a galaxy far, far away",
        "titulo": "Order 66",
        "autores": [],
        "valoresEspeciales": {
            "resolucion": "720",
            "duracion": 20,
            "tamanioGiga": 1
        },
        "bodega": false,
        "historialPropietarios": [],
        "loginPropietarioActual": "Canc1ll3r_Palpatine",
        "anioCreacion": 2020,
        "subasta": true,
        "valores": [],
        "disponible": false
    },
    {
        "tiempoConsignacion": 20,
        "tipo": "video",
        "lugarCreacion": "In a galaxy far, far away",
        "titulo": "Order 66",
        "autores": [],
        "valoresEspeciales": {
            "resolucion": "720",
            "duracion": 20,
            "tamanioGiga": 1
        },
        "bodega": false,
        "historialPropietarios": [],
        "loginPropietarioActual": "Canc1ll3r_Palpatine",
        "anioCreacion": 2020,
        "subasta": true,
        "valores": [],
        "disponible": false
    },
    {
        "tiempoConsignacion": 20,
        "tipo": "video",
        "lugarCreacion": "In a galaxy far, far away",
        "titulo": "Order 66",
        "autores": [],
        "valoresEspeciales": {
            "resolucion": "720",
            "duracion": 20,
            "tamanioGiga": 1
        },
        "bodega": false,
        "historialPropietarios": [],
        "loginPropietarioActual": "Canc1ll3r_Palpatine",
        "anioCreacion": 2020,
        "subasta": true,
        "valores": [],
        "disponible": false
    },
    {
        "tiempoConsignacion": 20,
        "tipo": "video",
        "lugarCreacion": "In a galaxy far, far away",
        "titulo": "Order 66",
        "autores": [],
        "valoresEspeciales": {
            "resolucion": "720",
            "duracion": 20,
            "tamanioGiga": 1
        },
        "bodega": false,
        "historialPropietarios": [],
        "loginPropietarioActual": "Canc1ll3r_Palpatine",
        "anioCreacion": 2020,
        "subasta": true,
        "valores": [],
        "disponible": false
    },
    {
        "tiempoConsignacion": 20,
        "tipo": "video",
        "lugarCreacion": "In a galaxy far, far away",
        "titulo": "Order 66",
        "autores": [],
        "valoresEspeciales": {
            "resolucion": "720",
            "duracion": 20,
            "tamanioGiga": 1
        },
        "bodega": false,
        "historialPropietarios": [],
        "loginPropietarioActual": "Canc1ll3r_Palpatine",
        "anioCreacion": 2020,
        "subasta": true,
        "valores": [],
        "disponible": false
    },
    {
        "tiempoConsignacion": 20,
        "tipo": "video",
        "lugarCreacion": "In a galaxy far, far away",
        "titulo": "Order 66",
        "autores": [],
        "valoresEspeciales": {
            "resolucion": "720",
            "duracion": 20,
            "tamanioGiga": 1
        },
        "bodega": false,
        "historialPropietarios": [],
        "loginPropietarioActual": "Canc1ll3r_Palpatine",
        "anioCreacion": 2020,
        "subasta": true,
        "valores": [],
        "disponible": false
    },
    {
        "tiempoConsignacion": 20,
        "tipo": "video",
        "lugarCreacion": "In a galaxy far, far away",
        "titulo": "Order 66",
        "autores": [],
        "valoresEspeciales": {
            "resolucion": "720",
            "duracion": 20,
            "tamanioGiga": 1
        },
        "bodega": false,
        "historialPropietarios": [],
        "loginPropietarioActual": "Canc1ll3r_Palpatine",
        "anioCreacion": 2020,
        "subasta": true,
        "valores": [],
        "disponible": false
    },
    {
        "tiempoConsignacion": 20,
        "tipo": "video",
        "lugarCreacion": "In a galaxy far, far away",
        "titulo": "Order 66",
        "autores": [],
        "valoresEspeciales": {
            "resolucion": "720",
            "duracion": 20,
            "tamanioGiga": 1
        },
        "bodega": false,
        "historialPropietarios": [],
        "loginPropietarioActual": "Canc1ll3r_Palpatine",
        "anioCreacion": 2020,
        "subasta": true,
        "valores": [],
        "disponible": false
    },
    {
        "tiempoConsignacion": 20,
        "tipo": "video",
        "lugarCreacion": "In a galaxy far, far away",
        "titulo": "Order 66",
        "autores": [],
        "valoresEspeciales": {
            "resolucion": "720",
            "duracion": 20,
            "tamanioGiga": 1
        },
        "bodega": false,
        "historialPropietarios": [],
        "loginPropietarioActual": "Canc1ll3r_Palpatine",
        "anioCreacion": 2020,
        "subasta": true,
        "valores": [],
        "disponible": false
    },
    {
        "tiempoConsignacion": 20,
        "tipo": "video",
        "lugarCreacion": "In a galaxy far, far away",
        "titulo": "Order 66",
        "autores": [],
        "valoresEspeciales": {
            "resolucion": "720",
            "duracion": 20,
            "tamanioGiga": 1
        },
        "bodega": false,
        "historialPropietarios": [],
        "loginPropietarioActual": "Canc1ll3r_Palpatine",
        "anioCreacion": 2020,
        "subasta": true,
        "valores": [],
        "disponible": false
    },
    {
        "tiempoConsignacion": 20,
        "tipo": "video",
        "lugarCreacion": "In a galaxy far, far away",
        "titulo": "Order 66",
        "autores": [],
        "valoresEspeciales": {
            "resolucion": "720",
            "duracion": 20,
            "tamanioGiga": 1
        },
        "bodega": false,
        "historialPropietarios": [],
        "loginPropietarioActual": "Canc1ll3r_Palpatine",
        "anioCreacion": 2020,
        "subasta": true,
        "valores": [],
        "disponible": false
    },
    {
        "tiempoConsignacion": 20,
        "tipo": "video",
        "lugarCreacion": "In a galaxy far, far away",
        "titulo": "Order 66",
        "autores": [],
        "valoresEspeciales": {
            "resolucion": "720",
            "duracion": 20,
            "tamanioGiga": 1
        },
        "bodega": false,
        "historialPropietarios": [],
        "loginPropietarioActual": "Canc1ll3r_Palpatine",
        "anioCreacion": 2020,
        "subasta": true,
        "valores": [],
        "disponible": false
    },
    {
        "tiempoConsignacion": 20,
        "tipo": "video",
        "lugarCreacion": "In a galaxy far, far away",
        "titulo": "Order 66",
        "autores": [],
        "valoresEspeciales": {
            "resolucion": "720",
            "duracion": 20,
            "tamanioGiga": 1
        },
        "bodega": false,
        "historialPropietarios": [],
        "loginPropietarioActual": "Canc1ll3r_Palpatine",
        "anioCreacion": 2020,
        "subasta": true,
        "valores": [],
        "disponible": false
    },
    {
        "tiempoConsignacion": 20,
        "tipo": "video",
        "lugarCreacion": "In a galaxy far, far away",
        "titulo": "Order 66",
        "autores": [],
        "valoresEspeciales": {
            "resolucion": "720",
            "duracion": 20,
            "tamanioGiga": 1
        },
        "bodega": false,
        "historialPropietarios": [],
        "loginPropietarioActual": "Canc1ll3r_Palpatine",
        "anioCreacion": 2020,
        "subasta": true,
        "valores": [],
        "disponible": false
    },
    {
        "tiempoConsignacion": 20,
        "tipo": "video",
        "lugarCreacion": "In a galaxy far, far away",
        "titulo": "Order 66",
        "autores": [],
        "valoresEspeciales": {
            "resolucion": "720",
            "duracion": 20,
            "tamanioGiga": 1
        },
        "bodega": false,
        "historialPropietarios": [],
        "loginPropietarioActual": "Canc1ll3r_Palpatine",
        "anioCreacion": 2020,
        "subasta": true,
        "valores": [],
        "disponible": false
    },
    {
        "tiempoConsignacion": 20,
        "tipo": "video",
        "lugarCreacion": "In a galaxy far, far away",
        "titulo": "Order 66",
        "autores": [],
        "valoresEspeciales": {
            "resolucion": "720",
            "duracion": 20,
            "tamanioGiga": 1
        },
        "bodega": false,
        "historialPropietarios": [],
        "loginPropietarioActual": "Canc1ll3r_Palpatine",
        "anioCreacion": 2020,
        "subasta": true,
        "valores": [],
        "disponible": false
    },
    {
        "tiempoConsignacion": 20,
        "tipo": "video",
        "lugarCreacion": "In a galaxy far, far away",
        "titulo": "Order 66",
        "autores": [],
        "valoresEspeciales": {
            "resolucion": "720",
            "duracion": 20,
            "tamanioGiga": 1
        },
        "bodega": false,
        "historialPropietarios": [],
        "loginPropietarioActual": "Canc1ll3r_Palpatine",
        "anioCreacion": 2020,
        "subasta": true,
        "valores": [],
        "disponible": false
    },
    {
        "tiempoConsignacion": 20,
        "tipo": "video",
        "lugarCreacion": "In a galaxy far, far away",
        "titulo": "Order 66",
        "autores": [],
        "valoresEspeciales": {
            "resolucion": "720",
            "duracion": 20,
            "tamanioGiga": 1
        },
        "bodega": false,
        "historialPropietarios": [],
        "loginPropietarioActual": "Canc1ll3r_Palpatine",
        "anioCreacion": 2020,
        "subasta": true,
        "valores": [],
        "disponible": false
    },
    {
        "tiempoConsignacion": 20,
        "tipo": "video",
        "lugarCreacion": "In a galaxy far, far away",
        "titulo": "Order 66",
        "autores": ["Autor1"],
        "valoresEspeciales": {
            "resolucion": "720",
            "duracion": 20,
            "tamanioGiga": 1
        },
        "bodega": false,
        "historialPropietarios": [{
            "valorCompra": 120000,
            "loginPropietario": "nikol_propietario",
            "fechaVenta": "02/20/18"
        }],
        "loginPropietarioActual": "Canc1ll3r_Palpatine",
        "anioCreacion": 2020,
        "subasta": true,
        "valores": [0],
        "disponible": false
    },
    {
        "tiempoConsignacion": 20,
        "tipo": "video",
        "lugarCreacion": "In a galaxy far, far away",
        "titulo": "Order 66",
        "autores": ["Autor1"],
        "valoresEspeciales": {
            "resolucion": "720",
            "duracion": 20,
            "tamanioGiga": 1
        },
        "bodega": false,
        "historialPropietarios": [{
            "valorCompra": 120000,
            "loginPropietario": "nikol_propietario",
            "fechaVenta": "02/20/18"
        }],
        "loginPropietarioActual": "nikol_propietario",
        "anioCreacion": 2020,
        "subasta": true,
        "valores": [0],
        "disponible": false
    },
    {
        "tiempoConsignacion": -1,
        "tipo": "pintura",
        "lugarCreacion": "???",
        "titulo": "Una pintura",
        "autores": [
            "Autor1",
            "pixar"
        ],
        "valoresEspeciales": {
            "peso": 14,
            "ancho": 3,
            "tecnica": "creatividad",
            "alto": 3
        },
        "bodega": true,
        "historialPropietarios": [{
            "valorCompra": 120000,
            "loginPropietario": "nikol_propietario",
            "fechaVenta": "02/20/18"
        }],
        "loginPropietarioActual": "nikol_propietario",
        "anioCreacion": 1020,
        "subasta": false,
        "valores": [120000],
        "disponible": true
    },
    {
        "tiempoConsignacion": 20,
        "tipo": "video",
        "lugarCreacion": "In a galaxy far, far away",
        "titulo": "Order 66",
        "autores": ["Autor1"],
        "valoresEspeciales": {
            "resolucion": "720",
            "duracion": 20,
            "tamanioGiga": 1
        },
        "bodega": false,
        "historialPropietarios": [{
            "valorCompra": 120000,
            "loginPropietario": "nikol_propietario",
            "fechaVenta": "02/20/18"
        }],
        "loginPropietarioActual": "nikol_propietario",
        "anioCreacion": 2020,
        "subasta": true,
        "valores": [0],
        "disponible": false
    },
    {
        "tiempoConsignacion": -1,
        "tipo": "pintura",
        "lugarCreacion": "???",
        "titulo": "Una pintura",
        "autores": [
            "Autor1",
            "pixar"
        ],
        "valoresEspeciales": {
            "peso": 14,
            "ancho": 3,
            "tecnica": "creatividad",
            "alto": 3
        },
        "bodega": true,
        "historialPropietarios": [{
            "valorCompra": 120000,
            "loginPropietario": "nikol_propietario",
            "fechaVenta": "02/20/18"
        }],
        "loginPropietarioActual": "nikol_propietario",
        "anioCreacion": 1020,
        "subasta": false,
        "valores": [120000],
        "disponible": true
    },
    {
        "tiempoConsignacion": 20,
        "tipo": "video",
        "lugarCreacion": "In a galaxy far, far away",
        "titulo": "Order 66",
        "autores": ["Autor1"],
        "valoresEspeciales": {
            "resolucion": "720",
            "duracion": 20,
            "tamanioGiga": 1
        },
        "bodega": false,
        "historialPropietarios": [{
            "valorCompra": 120000,
            "loginPropietario": "nikol_propietario",
            "fechaVenta": "02/20/18"
        }],
        "loginPropietarioActual": "nikol_propietario",
        "anioCreacion": 2020,
        "subasta": true,
        "valores": [0],
        "disponible": false
    },
    {
        "tiempoConsignacion": -1,
        "tipo": "pintura",
        "lugarCreacion": "???",
        "titulo": "Una pintura",
        "autores": [
            "Autor1",
            "pixar"
        ],
        "valoresEspeciales": {
            "peso": 14,
            "ancho": 3,
            "tecnica": "creatividad",
            "alto": 3
        },
        "bodega": true,
        "historialPropietarios": [{
            "valorCompra": 120000,
            "loginPropietario": "nikol_propietario",
            "fechaVenta": "02/20/18"
        }],
        "loginPropietarioActual": "nikol_propietario",
        "anioCreacion": 1020,
        "subasta": false,
        "valores": [120000],
        "disponible": true
    },
    {
        "tiempoConsignacion": 20,
        "tipo": "video",
        "lugarCreacion": "In a galaxy far, far away",
        "titulo": "Order 66",
        "autores": ["Autor1"],
        "valoresEspeciales": {
            "resolucion": "720",
            "duracion": 20,
            "tamanioGiga": 1
        },
        "bodega": false,
        "historialPropietarios": [{
            "valorCompra": 120000,
            "loginPropietario": "nikol_propietario",
            "fechaVenta": "02/20/18"
        }],
        "loginPropietarioActual": "nikol_propietario",
        "anioCreacion": 2020,
        "subasta": true,
        "valores": [0],
        "disponible": false
    },
    {
        "tiempoConsignacion": -1,
        "tipo": "pintura",
        "lugarCreacion": "???",
        "titulo": "Una pintura",
        "autores": [
            "Autor1",
            "pixar"
        ],
        "valoresEspeciales": {
            "peso": 14,
            "ancho": 3,
            "tecnica": "creatividad",
            "alto": 3
        },
        "bodega": true,
        "historialPropietarios": [{
            "valorCompra": 120000,
            "loginPropietario": "nikol_propietario",
            "fechaVenta": "02/20/18"
        }],
        "loginPropietarioActual": "nikol_propietario",
        "anioCreacion": 1020,
        "subasta": false,
        "valores": [120000],
        "disponible": true
    },
    {
        "tiempoConsignacion": 20,
        "tipo": "video",
        "lugarCreacion": "In a galaxy far, far away",
        "titulo": "Order 66",
        "autores": ["Autor1"],
        "valoresEspeciales": {
            "resolucion": "720",
            "duracion": 20,
            "tamanioGiga": 1
        },
        "bodega": false,
        "historialPropietarios": [{
            "valorCompra": 120000,
            "loginPropietario": "nikol_propietario",
            "fechaVenta": "02/20/18"
        }],
        "loginPropietarioActual": "nikol_propietario",
        "anioCreacion": 2020,
        "subasta": true,
        "valores": [0],
        "disponible": false
    },
    {
        "tiempoConsignacion": -1,
        "tipo": "pintura",
        "lugarCreacion": "???",
        "titulo": "Una pintura",
        "autores": [
            "Autor1",
            "pixar"
        ],
        "valoresEspeciales": {
            "peso": 14,
            "ancho": 3,
            "tecnica": "creatividad",
            "alto": 3
        },
        "bodega": true,
        "historialPropietarios": [{
            "valorCompra": 120000,
            "loginPropietario": "nikol_propietario",
            "fechaVenta": "02/20/18"
        }],
        "loginPropietarioActual": "nikol_propietario",
        "anioCreacion": 1020,
        "subasta": false,
        "valores": [120000],
        "disponible": true
    },
    {
        "tiempoConsignacion": 20,
        "tipo": "video",
        "lugarCreacion": "In a galaxy far, far away",
        "titulo": "Order 66",
        "autores": ["Autor1"],
        "valoresEspeciales": {
            "resolucion": "720",
            "duracion": 20,
            "tamanioGiga": 1
        },
        "bodega": false,
        "historialPropietarios": [{
            "valorCompra": 120000,
            "loginPropietario": "nikol_propietario",
            "fechaVenta": "02/20/18"
        }],
        "loginPropietarioActual": "nikol_propietario",
        "anioCreacion": 2020,
        "subasta": true,
        "valores": [0],
        "disponible": false
    },
    {
        "tiempoConsignacion": -1,
        "tipo": "pintura",
        "lugarCreacion": "???",
        "titulo": "Una pintura",
        "autores": [
            "Autor1",
            "pixar"
        ],
        "valoresEspeciales": {
            "peso": 14,
            "ancho": 3,
            "tecnica": "creatividad",
            "alto": 3
        },
        "bodega": true,
        "historialPropietarios": [{
            "valorCompra": 120000,
            "loginPropietario": "nikol_propietario",
            "fechaVenta": "02/20/18"
        }],
        "loginPropietarioActual": "nikol_propietario",
        "anioCreacion": 1020,
        "subasta": false,
        "valores": [120000],
        "disponible": true
    },
    {
        "tiempoConsignacion": 20,
        "tipo": "video",
        "lugarCreacion": "In a galaxy far, far away",
        "titulo": "Order 66",
        "autores": ["Autor1"],
        "valoresEspeciales": {
            "resolucion": "720",
            "duracion": 20,
            "tamanioGiga": 1
        },
        "bodega": false,
        "historialPropietarios": [{
            "valorCompra": 120000,
            "loginPropietario": "nikol_propietario",
            "fechaVenta": "02/20/18"
        }],
        "loginPropietarioActual": "nikol_propietario",
        "anioCreacion": 2020,
        "subasta": true,
        "valores": [0],
        "disponible": false
    },
    {
        "tiempoConsignacion": -1,
        "tipo": "pintura",
        "lugarCreacion": "???",
        "titulo": "Una pintura",
        "autores": [
            "Autor1",
            "pixar"
        ],
        "valoresEspeciales": {
            "peso": 14,
            "ancho": 3,
            "tecnica": "creatividad",
            "alto": 3
        },
        "bodega": true,
        "historialPropietarios": [{
            "valorCompra": 120000,
            "loginPropietario": "nikol_propietario",
            "fechaVenta": "02/20/18"
        }],
        "loginPropietarioActual": "nikol_propietario",
        "anioCreacion": 1020,
        "subasta": false,
        "valores": [120000],
        "disponible": true
    },
    {
        "tiempoConsignacion": 34,
        "tipo": "escultura",
        "lugarCreacion": "Italia",
        "titulo": "El David",
        "autores": [
            "Miguel Angel",
            "Pana Random"
        ],
        "valoresEspeciales": {
            "peso": 5572,
            "ancho": 2,
            "profundidad": 1,
            "electricidad": false,
            "alto": 6
        },
        "bodega": true,
        "historialPropietarios": [
            {
                "valorCompra": 30000,
                "loginPropietario": "alejandra_propietario",
                "fechaVenta": "23/06/2005"
            },
            {
                "valorCompra": 20000,
                "loginPropietario": "briceno_propietario",
                "fechaVenta": "10/26/10"
            },
            {
                "valorCompra": 20000,
                "loginPropietario": "briceno_propietario",
                "fechaVenta": "10/26/10"
            },
            {
                "valorCompra": 20000,
                "loginPropietario": "briceno_propietario",
                "fechaVenta": "10/26/10"
            }
        ],
        "loginPropietarioActual": "alejandra_propietario",
        "anioCreacion": 1501,
        "subasta": false,
        "valores": [20000],
        "disponible": false
    },
    {
        "tiempoConsignacion": -1,
        "tipo": "pintura",
        "lugarCreacion": "Espana",
        "titulo": "Las meninas",
        "autores": ["Diego Velasquez"],
        "valoresEspeciales": {
            "peso": 4,
            "ancho": 279,
            "tecnica": "oleo",
            "alto": 320
        },
        "bodega": true,
        "historialPropietarios": [
            {
                "valorCompra": 30000,
                "loginPropietario": "alejandra_propietario",
                "fechaVenta": "14/02/2010"
            },
            {
                "valorCompra": 3000000,
                "loginPropietario": "briceno_propietario",
                "fechaVenta": "20/20/10"
            }
        ],
        "loginPropietarioActual": "alejandra_propietario",
        "anioCreacion": 1956,
        "subasta": true,
        "valores": [
            3000000,
            4000000,
            509999
        ],
        "disponible": false
    },
    {
        "tiempoConsignacion": -1,
        "tipo": "pintura",
        "lugarCreacion": "Italia",
        "titulo": "La monalisa",
        "autores": ["Davinci"],
        "valoresEspeciales": {
            "peso": 4,
            "ancho": 60,
            "tecnica": "oleo",
            "alto": 30
        },
        "bodega": true,
        "historialPropietarios": [
            {
                "valorCompra": 2000000,
                "loginPropietario": "alejandra_propietario",
                "fechaVenta": "20/06/2016"
            },
           
            {
                "valorCompra": 1234567,
                "loginPropietario": "briceno_propietario",
                "fechaVenta": "10/10/10"
            },
            {
                "valorCompra": 400000000,
                "loginPropietario": "gabriela_propietario",
                "fechaVenta": "15/03/2024"
            }
        ],
        "loginPropietarioActual": "alejandra_propietario",
        "anioCreacion": 1956,
        "subasta": true,
        "valores": [
            3000000,
            4000000,
            509999
        ],
        "disponible": true
    },

    {
        "tiempoConsignacion": -1,
        "tipo": "pintura",
        "lugarCreacion": "Italia",
        "titulo": "La Noche Estrellada",
        "autores": ["Vincent van Gogh"],
        "valoresEspeciales": {
            "peso": 4,
            "ancho": 60,
            "tecnica": "oleo",
            "alto": 30
        },
        "bodega": true,
        "historialPropietarios": [],
    
        "loginPropietarioActual": "claudia_propietario",
        "anioCreacion": 1956,
        "subasta": true,
        "valores": [
                300000,
                400000,
                50999
            ],
            "disponible": true
    

    },

    {
        "tiempoConsignacion": -1,
        "tipo": "pintura",
        "lugarCreacion": "Italia",
        "titulo": "Guernica",
        "autores": ["Pablo Picasso"],
        "valoresEspeciales": {
            "peso": 4,
            "ancho": 60,
            "tecnica": "oleo",
            "alto": 30
        },
        "bodega": true,
        "historialPropietarios": [],
    
        "loginPropietarioActual": "gabiela_propietario",
        "anioCreacion": 1956,
        "subasta": true,
        "valores": [
                300100,
                400300,
                50919676765544333334
            ],
            "disponible": true
    

},


{
    "tiempoConsignacion": -1,
    "tipo": "pintura",
    "lugarCreacion": "Italia",
    "titulo": "La Ultima Cena",
    "autores": ["Leonardo da Vinci"],
    "valoresEspeciales": {
        "peso": 4,
        "ancho": 60,
        "tecnica": "oleo",
        "alto": 30
    },
    "bodega": true,
    "historialPropietarios": [],

    "loginPropietarioActual": "gabriela_propietario",
    "anioCreacion": 1956,
    "subasta": true,
    "valores": [
            300100,
            400300,
            50919676765544333334
        ],
        "disponible": true


},


{
    "tiempoConsignacion": -1,
    "tipo": "pintura",
    "lugarCreacion": "Italia",
    "titulo":"La Venus de Milo",
    "autores": ["n/A"],
    "valoresEspeciales": {
        "peso": 4,
        "ancho": 60,
        "tecnica": "oleo",
        "alto": 30
    },
    "bodega": true,
    "historialPropietarios": [],

    "loginPropietarioActual": "gabriela_propietario",
    "anioCreacion": 1956,
    "subasta": true,
    "valores": [
            300100,
            400300,
            50919676765544333334
        ],
        "disponible": true

    }



]
}